Crop_Type,Soil_pH,Rainfall,Temperature,Fertilizer_Use,Yield,Water_Efficiency,Soil_pH_Category,Rainfall_Category,Water_Usage_Estimate,Irrigation,Year
Sugarcane,7.4,376,39,70,2.07,0.005505319,Neutral,Low,Low,Flood,1980
Oats,5.1,1937,21,82,3.45,0.001781105,Acidic,High,High,Sprinkler,1980
Cotton,4.5,1569,39,51,4.94,0.003148502,Acidic,High,High,Drip,1980
Oats,6.6,938,23,43,5.74,0.006119403,Neutral,Medium,Medium,Sprinkler,1981
Oats,4.8,1881,37,113,3.63,0.001929825,Acidic,High,High,Sprinkler,1982
Barley,7.5,1774,33,54,5.42,0.003055242,Neutral,High,High,Sprinkler,1980
Corn,6.3,1711,38,79,2.55,0.001490357,Neutral,High,High,Drip,1980
Corn,5.9,1448,22,65,2.33,0.001609116,Neutral,High,High,Drip,1981
Soybean,6.4,1042,36,91,5.26,0.005047985,Neutral,High,High,Sprinkler,1980
Sugarcane,6.7,1376,23,71,4.95,0.003597384,Neutral,High,High,Flood,1981
Sugarcane,7.4,1092,23,120,5.89,0.005393773,Neutral,High,High,Flood,1982
Peanut,6.4,1370,23,90,2.52,0.001839416,Neutral,High,High,Drip,1980
Millet,6.7,864,20,108,2.09,0.002418981,Neutral,Medium,Medium,Sprinkler,1980
Corn,5.8,1210,23,65,2.74,0.002264463,Neutral,High,High,Drip,1982
Barley,6.7,477,29,104,2.3,0.004821803,Neutral,Low,Low,Sprinkler,1981
Sorghum,6.2,1327,20,58,2.88,0.002170309,Neutral,High,High,Drip,1980
Sorghum,7.3,310,37,53,5.45,0.017580645,Neutral,Low,Low,Drip,1981
Maize,7.7,1896,37,106,4.09,0.002157173,Alkaline,High,High,Drip,1980
Peanut,5.1,1076,35,116,4.04,0.003754647,Acidic,High,High,Drip,1981
Peanut,5,1159,39,98,5.75,0.004961173,Acidic,High,High,Drip,1982
Barley,5.5,1179,20,64,4.95,0.004198473,Acidic,High,High,Sprinkler,1982
Soybean,4.7,1798,27,58,4.15,0.00230812,Acidic,High,High,Sprinkler,1981
Wheat,5.2,907,32,106,2.92,0.003219405,Acidic,Medium,Medium,Sprinkler,1980
Sugarcane,5,1590,32,81,3.91,0.002459119,Acidic,High,High,Flood,1983
Rice,6,566,40,65,4.86,0.008586572,Neutral,Medium,Medium,Flood,1980
Oats,6.4,704,23,106,4.3,0.006107955,Neutral,Medium,Medium,Sprinkler,1983
Peanut,6.8,875,36,48,5.65,0.006457143,Neutral,Medium,Medium,Drip,1983
Oats,7.2,472,27,109,4.67,0.009894068,Neutral,Low,Low,Sprinkler,1984
Peanut,6.7,1167,27,118,5.18,0.004438732,Neutral,High,High,Drip,1984
Millet,7.6,1335,35,46,5.63,0.004217228,Alkaline,High,High,Sprinkler,1981
Sorghum,6,1303,23,113,3.53,0.002709133,Neutral,High,High,Drip,1982
Peanut,7.9,574,21,57,5.05,0.008797909,Alkaline,Medium,Medium,Drip,1985
Wheat,6.6,1748,39,87,3.18,0.001819222,Neutral,High,High,Sprinkler,1981
Cotton,6.9,1494,26,79,5.33,0.003567604,Neutral,High,High,Drip,1981
Cotton,4.8,1255,28,49,5.79,0.004613546,Acidic,High,High,Drip,1982
Oats,6.4,1278,38,66,3.62,0.002832551,Neutral,High,High,Sprinkler,1985
Peanut,6,1882,39,32,5.04,0.002678002,Neutral,High,High,Drip,1986
Wheat,5.9,678,32,34,2.51,0.003702065,Neutral,Medium,Medium,Sprinkler,1982
Sugarcane,7.9,511,28,94,3.12,0.006105675,Alkaline,Medium,Medium,Flood,1984
Wheat,6.2,1831,23,84,5.74,0.003134899,Neutral,High,High,Sprinkler,1983
Maize,5.9,1513,18,37,5.96,0.003939194,Neutral,High,High,Drip,1981
Peanut,5.8,816,30,117,3.95,0.004840686,Neutral,Medium,Medium,Drip,1987
Oats,7.2,1819,33,30,2.42,0.001330401,Neutral,High,High,Sprinkler,1986
Sorghum,7.9,1213,24,86,3.16,0.002605111,Alkaline,High,High,Drip,1983
Cotton,7.8,1629,35,93,5.58,0.003425414,Alkaline,High,High,Drip,1983
Corn,7.2,648,28,107,5.74,0.008858025,Neutral,Medium,Medium,Drip,1983
Barley,5.9,1357,28,67,3.83,0.002822402,Neutral,High,High,Sprinkler,1983
Corn,4.8,1918,28,44,5.8,0.003023983,Acidic,High,High,Drip,1984
Barley,7.8,1898,25,31,3.47,0.00182824,Alkaline,High,High,Sprinkler,1984
Peanut,4.9,1884,31,69,3.35,0.001778132,Acidic,High,High,Drip,1988
Millet,6.3,1889,37,96,3.64,0.001926945,Neutral,High,High,Sprinkler,1982
Millet,6.6,1068,20,118,3.71,0.003473783,Neutral,High,High,Sprinkler,1983
Cotton,6.9,1639,29,30,4.02,0.002452715,Neutral,High,High,Drip,1984
Maize,6.7,1803,26,41,5.81,0.003222407,Neutral,High,High,Drip,1982
Oats,7.1,641,40,109,2.68,0.004180967,Neutral,Medium,Medium,Sprinkler,1987
Cotton,6.8,1134,22,92,2.44,0.002151675,Neutral,High,High,Drip,1985
Rice,7.3,661,28,120,2.26,0.003419062,Neutral,Medium,Medium,Flood,1981
Sorghum,7,1543,29,70,5.86,0.003797797,Neutral,High,High,Drip,1984
Cotton,5.3,897,20,103,2.34,0.002608696,Acidic,Medium,Medium,Drip,1986
Millet,7,1172,26,112,5.33,0.004547782,Neutral,High,High,Sprinkler,1984
Cotton,4.7,1372,37,93,4,0.002915452,Acidic,High,High,Drip,1987
Sorghum,5.2,1009,22,120,4.28,0.004241824,Acidic,High,High,Drip,1985
Maize,7.1,511,21,77,5.48,0.01072407,Neutral,Medium,Medium,Drip,1983
Sugarcane,6.3,1645,17,37,5.78,0.003513678,Neutral,High,High,Flood,1985
Sorghum,5.9,357,37,85,3.29,0.009215686,Neutral,Low,Low,Drip,1986
Sugarcane,7.1,909,24,90,4.34,0.004774477,Neutral,Medium,Medium,Flood,1986
Oats,5.2,1245,23,105,5.82,0.004674699,Acidic,High,High,Sprinkler,1988
Barley,6,1818,26,48,5.62,0.003091309,Neutral,High,High,Sprinkler,1985
Wheat,7.6,1073,15,82,4.02,0.003746505,Alkaline,High,High,Sprinkler,1984
Wheat,5.4,381,21,57,5.9,0.015485564,Acidic,Low,Low,Sprinkler,1985
Oats,5.7,659,33,109,4.03,0.006115326,Neutral,Medium,Medium,Sprinkler,1989
Maize,7.1,937,27,68,4.52,0.004823906,Neutral,Medium,Medium,Drip,1984
Sorghum,4.9,453,19,119,5.62,0.012406181,Acidic,Low,Low,Drip,1987
Sugarcane,6.8,454,39,51,4.45,0.009801762,Neutral,Low,Low,Flood,1987
Corn,6.5,485,31,91,2.91,0.006,Neutral,Low,Low,Drip,1985
Rice,7,1663,25,80,3.56,0.00214071,Neutral,High,High,Flood,1982
Maize,7.6,522,22,113,2.65,0.005076628,Alkaline,Medium,Medium,Drip,1985
Rice,5.4,958,36,38,3.96,0.004133612,Acidic,Medium,Medium,Flood,1983
Rice,6.4,449,37,67,4.52,0.010066815,Neutral,Low,Low,Flood,1984
Corn,5.4,557,25,106,5.5,0.009874327,Acidic,Medium,Medium,Drip,1986
Rice,4.8,1805,32,88,2.86,0.001584488,Acidic,High,High,Flood,1985
Sorghum,6.2,1489,36,99,4.04,0.00271323,Neutral,High,High,Drip,1988
Cotton,7.3,1377,38,31,2.56,0.001859114,Neutral,High,High,Drip,1988
Wheat,5.9,655,15,35,4.07,0.00621374,Neutral,Medium,Medium,Sprinkler,1986
Sorghum,6.8,893,32,74,2.48,0.002777156,Neutral,Medium,Medium,Drip,1989
Sugarcane,5.9,942,37,91,4.1,0.004352442,Neutral,Medium,Medium,Flood,1988
Millet,5.9,1759,18,45,2.41,0.001370097,Neutral,High,High,Sprinkler,1985
Sugarcane,7.3,1782,33,37,3.22,0.001806958,Neutral,High,High,Flood,1989
Rice,6.4,452,21,80,2.8,0.00619469,Neutral,Low,Low,Flood,1986
Barley,6.4,1861,34,83,3.2,0.001719506,Neutral,High,High,Sprinkler,1986
Barley,4.5,1038,21,94,4.56,0.004393064,Acidic,High,High,Sprinkler,1987
Maize,6,1392,32,43,2.59,0.001860632,Neutral,High,High,Drip,1986
Soybean,4.5,781,23,42,4,0.005121639,Acidic,Medium,Medium,Sprinkler,1982
Rice,4.7,1759,39,35,5.41,0.003075611,Acidic,High,High,Flood,1987
Sorghum,7.2,1310,27,63,4.73,0.003610687,Neutral,High,High,Drip,1990
Peanut,5.7,1774,40,90,5.73,0.003229989,Neutral,High,High,Drip,1989
Soybean,5.8,895,36,86,3.63,0.004055866,Neutral,Medium,Medium,Sprinkler,1983
Sorghum,7.5,583,30,37,5.39,0.009245283,Neutral,Medium,Medium,Drip,1991
Wheat,7.2,1641,20,73,2.62,0.001596587,Neutral,High,High,Sprinkler,1987
Rice,7.5,1362,34,39,3.9,0.002863436,Neutral,High,High,Flood,1988
Soybean,6.8,1848,30,76,3.88,0.002099567,Neutral,High,High,Sprinkler,1984
Peanut,7.9,1888,18,111,2.53,0.001340042,Alkaline,High,High,Drip,1990
Maize,6.2,1883,18,96,4.72,0.002506638,Neutral,High,High,Drip,1987
Soybean,6,708,16,31,3.48,0.004915254,Neutral,Medium,Medium,Sprinkler,1985
Corn,6.1,792,21,77,2.66,0.003358586,Neutral,Medium,Medium,Drip,1987
Peanut,6.7,1491,40,107,4.67,0.003132126,Neutral,High,High,Drip,1991
Rice,8,693,32,109,2.14,0.003088023,Alkaline,Medium,Medium,Flood,1989
Barley,7.6,565,27,89,4.21,0.007451327,Alkaline,Medium,Medium,Sprinkler,1988
Rice,4.8,829,36,55,5.16,0.006224367,Acidic,Medium,Medium,Flood,1990
Rice,7.3,1777,22,41,4.39,0.002470456,Neutral,High,High,Flood,1991
Sorghum,6.8,1148,40,82,5.49,0.00478223,Neutral,High,High,Drip,1992
Barley,6.6,1983,17,85,5.4,0.002723147,Neutral,High,High,Sprinkler,1989
Oats,5.9,508,26,76,5.17,0.010177165,Neutral,Medium,Medium,Sprinkler,1990
Rice,5.3,1816,26,36,2.37,0.001305066,Acidic,High,High,Flood,1992
Wheat,6.8,710,21,88,4.94,0.006957746,Neutral,Medium,Medium,Sprinkler,1988
Soybean,7.7,1022,20,67,2.22,0.002172211,Alkaline,High,High,Sprinkler,1986
Wheat,5.2,1381,32,48,4.07,0.00294714,Acidic,High,High,Sprinkler,1989
Sugarcane,4.9,1382,28,120,5.33,0.003856729,Acidic,High,High,Flood,1990
Sorghum,5.1,715,15,63,4.23,0.005916084,Acidic,Medium,Medium,Drip,1993
Oats,4.9,1898,19,55,5.68,0.002992624,Acidic,High,High,Sprinkler,1991
Rice,7.4,881,17,112,5.41,0.006140749,Neutral,Medium,Medium,Flood,1993
Corn,4.7,424,32,33,4.35,0.010259434,Acidic,Low,Low,Drip,1988
Oats,4.6,697,34,112,4.97,0.00713056,Acidic,Medium,Medium,Sprinkler,1992
Wheat,6.6,802,23,87,3.67,0.00457606,Neutral,Medium,Medium,Sprinkler,1990
Rice,5.8,1884,33,57,5.62,0.002983015,Neutral,High,High,Flood,1994
Soybean,6.4,993,35,94,5.64,0.005679758,Neutral,Medium,Medium,Sprinkler,1987
Rice,4.6,987,27,76,2.62,0.002654509,Acidic,Medium,Medium,Flood,1995
Wheat,7.8,1140,38,97,2.91,0.002552632,Alkaline,High,High,Sprinkler,1991
Sugarcane,6.8,871,32,115,4.58,0.005258324,Neutral,Medium,Medium,Flood,1991
Peanut,7.4,1561,17,41,4.6,0.002946829,Neutral,High,High,Drip,1992
Rice,5.1,1265,30,45,5.68,0.004490119,Acidic,High,High,Flood,1996
Wheat,4.7,800,22,60,3.29,0.0041125,Acidic,Medium,Medium,Sprinkler,1992
Soybean,5.7,1046,38,118,4.93,0.004713193,Neutral,High,High,Sprinkler,1988
Wheat,8,1409,40,118,5.29,0.003754436,Alkaline,High,High,Sprinkler,1993
Oats,6.6,1372,28,66,3.89,0.002835277,Neutral,High,High,Sprinkler,1993
Oats,6.4,1805,31,80,2.28,0.001263158,Neutral,High,High,Sprinkler,1994
Corn,6.6,310,17,77,5.21,0.016806452,Neutral,Low,Low,Drip,1989
Maize,7.1,639,22,71,3.06,0.004788732,Neutral,Medium,Medium,Drip,1988
Wheat,6.1,761,27,105,3.93,0.005164258,Neutral,Medium,Medium,Sprinkler,1994
Oats,4.6,1947,36,87,2.34,0.001201849,Acidic,High,High,Sprinkler,1995
Cotton,5.8,1101,32,96,3.59,0.003260672,Neutral,High,High,Drip,1989
Sugarcane,6,682,35,51,5.16,0.007565982,Neutral,Medium,Medium,Flood,1992
Soybean,6.8,1749,31,115,5.57,0.003184677,Neutral,High,High,Sprinkler,1989
Millet,7.2,1719,27,99,5.36,0.003118092,Neutral,High,High,Sprinkler,1986
Peanut,6.2,1820,25,69,5.69,0.003126374,Neutral,High,High,Drip,1993
Peanut,6.4,797,38,66,2.77,0.003475533,Neutral,Medium,Medium,Drip,1994
Rice,5.6,567,20,37,3.92,0.00691358,Neutral,Medium,Medium,Flood,1997
Wheat,6.8,881,34,57,5.92,0.006719637,Neutral,Medium,Medium,Sprinkler,1995
Wheat,7.2,958,30,39,3.66,0.003820459,Neutral,Medium,Medium,Sprinkler,1996
Sugarcane,5.3,1180,24,58,5.88,0.004983051,Acidic,High,High,Flood,1993
Oats,5.7,1060,23,88,5.01,0.004726415,Neutral,High,High,Sprinkler,1996
Peanut,6.9,330,32,38,3.2,0.00969697,Neutral,Low,Low,Drip,1995
Cotton,6.9,1110,21,46,5,0.004504505,Neutral,High,High,Drip,1990
Corn,5.9,1025,39,56,5.8,0.005658537,Neutral,High,High,Drip,1990
Soybean,4.6,1592,18,94,2.93,0.001840452,Acidic,High,High,Sprinkler,1990
Corn,5,1138,17,48,5.7,0.005008787,Acidic,High,High,Drip,1991
Corn,6.3,1708,20,37,4.38,0.002564403,Neutral,High,High,Drip,1992
Sugarcane,6.8,1579,32,48,2.11,0.001336289,Neutral,High,High,Flood,1994
Soybean,6.4,1832,23,56,3.61,0.001970524,Neutral,High,High,Sprinkler,1991
Barley,5.3,620,17,94,3.45,0.005564516,Acidic,Medium,Medium,Sprinkler,1990
Peanut,6.5,627,21,106,2.74,0.004370016,Neutral,Medium,Medium,Drip,1996
Cotton,5.2,1897,22,112,4.39,0.00231418,Acidic,High,High,Drip,1991
Oats,7.3,731,26,108,4.25,0.005813953,Neutral,Medium,Medium,Sprinkler,1997
Barley,5.8,955,36,111,5.45,0.005706806,Neutral,Medium,Medium,Sprinkler,1991
Maize,6,1066,30,43,2.11,0.001979362,Neutral,High,High,Drip,1989
Millet,6.1,344,21,93,4.85,0.014098837,Neutral,Low,Low,Sprinkler,1987
Sugarcane,7.5,1483,15,59,2.7,0.001820634,Neutral,High,High,Flood,1995
Wheat,7.1,956,18,71,4.86,0.005083682,Neutral,Medium,Medium,Sprinkler,1997
Rice,7.4,890,28,55,3.78,0.004247191,Neutral,Medium,Medium,Flood,1998
Sugarcane,7.9,1211,28,76,4.44,0.003666391,Alkaline,High,High,Flood,1996
Corn,7.1,458,27,78,3.56,0.007772926,Neutral,Low,Low,Drip,1993
Sorghum,6.8,684,27,46,5.52,0.008070175,Neutral,Medium,Medium,Drip,1994
Millet,4.7,1072,40,77,2.31,0.002154851,Acidic,High,High,Sprinkler,1988
Sugarcane,5.9,1985,36,80,4.5,0.002267003,Neutral,High,High,Flood,1997
Cotton,7.8,1644,39,40,5.83,0.003546229,Alkaline,High,High,Drip,1992
Oats,7.6,1340,35,87,5.16,0.003850746,Alkaline,High,High,Sprinkler,1998
Corn,6.5,824,34,112,2.65,0.003216019,Neutral,Medium,Medium,Drip,1994
Sorghum,7.8,1772,26,64,5.22,0.002945824,Alkaline,High,High,Drip,1995
Oats,6.2,379,31,59,5.92,0.015620053,Neutral,Low,Low,Sprinkler,1999
Barley,7.7,1838,31,58,4.67,0.002540805,Alkaline,High,High,Sprinkler,1992
Cotton,5.6,1199,27,52,3.32,0.002768974,Neutral,High,High,Drip,1993
Cotton,5,492,27,49,4.08,0.008292683,Acidic,Low,Low,Drip,1994
Maize,6.5,924,17,72,5.42,0.005865801,Neutral,Medium,Medium,Drip,1990
Rice,7.9,343,17,44,5.4,0.01574344,Alkaline,Low,Low,Flood,1999
Barley,6.8,1184,21,120,3.23,0.002728041,Neutral,High,High,Sprinkler,1993
Soybean,7.5,930,29,42,5.12,0.005505376,Neutral,Medium,Medium,Sprinkler,1992
Sorghum,7.7,1952,32,56,4.08,0.002090164,Alkaline,High,High,Drip,1996
Barley,6.4,530,26,38,2.02,0.003811321,Neutral,Medium,Medium,Sprinkler,1994
Maize,6.2,718,23,34,2.77,0.003857939,Neutral,Medium,Medium,Drip,1991
Rice,6.7,462,18,51,3.84,0.008311688,Neutral,Low,Low,Flood,2000
Maize,5.4,1890,27,71,5.41,0.002862434,Acidic,High,High,Drip,1992
Cotton,5.3,1146,31,96,5.38,0.00469459,Acidic,High,High,Drip,1995
Millet,6,1409,15,79,4.9,0.003477644,Neutral,High,High,Sprinkler,1989
Sugarcane,7.2,1209,25,49,3.15,0.002605459,Neutral,High,High,Flood,1998
Sorghum,7.2,718,32,38,2.45,0.003412256,Neutral,Medium,Medium,Drip,1997
Peanut,6.7,1772,19,99,2.93,0.001653499,Neutral,High,High,Drip,1997
Millet,5.6,303,40,98,2.52,0.008316832,Neutral,Low,Low,Sprinkler,1990
Oats,5.3,1213,25,92,5.29,0.004361088,Acidic,High,High,Sprinkler,2000
Barley,5.2,335,16,110,4.69,0.014,Acidic,Low,Low,Sprinkler,1995
Millet,7.8,1095,18,107,5.54,0.005059361,Alkaline,High,High,Sprinkler,1991
Cotton,5.2,849,31,74,4.38,0.005159011,Acidic,Medium,Medium,Drip,1996
Cotton,4.7,1848,33,72,4.95,0.002678571,Acidic,High,High,Drip,1997
Peanut,5.2,1055,22,71,3.8,0.003601896,Acidic,High,High,Drip,1998
Soybean,6.7,643,21,40,4.33,0.006734059,Neutral,Medium,Medium,Sprinkler,1993
Oats,6.5,1256,26,90,4.05,0.003224522,Neutral,High,High,Sprinkler,2001
Soybean,5.1,1613,15,111,5.38,0.0033354,Acidic,High,High,Sprinkler,1994
Sugarcane,6.9,356,32,37,3.9,0.010955056,Neutral,Low,Low,Flood,1999
Corn,6.8,475,26,52,2.69,0.005663158,Neutral,Low,Low,Drip,1995
Sugarcane,6.2,1521,38,115,3.57,0.00234714,Neutral,High,High,Flood,2000
Wheat,5.3,341,20,52,5.7,0.016715543,Acidic,Low,Low,Sprinkler,1998
Peanut,7.8,1499,22,43,3.44,0.002294863,Alkaline,High,High,Drip,1999
Peanut,7.3,979,19,44,4.64,0.00473953,Neutral,Medium,Medium,Drip,2000
Rice,5,1785,16,105,4.55,0.00254902,Acidic,High,High,Flood,2001
Rice,4.7,754,21,92,5.32,0.007055703,Acidic,Medium,Medium,Flood,2002
Maize,6.4,809,34,103,4.73,0.005846724,Neutral,Medium,Medium,Drip,1993
Soybean,7.3,1629,27,98,3.4,0.00208717,Neutral,High,High,Sprinkler,1995
Barley,4.8,1478,38,94,2.85,0.001928281,Acidic,High,High,Sprinkler,1996
Soybean,4.5,1191,24,82,3.01,0.002527288,Acidic,High,High,Sprinkler,1996
Oats,4.9,1974,35,116,3.18,0.001610942,Acidic,High,High,Sprinkler,2002
Rice,7.2,1060,24,34,5.95,0.005613208,Neutral,High,High,Flood,2003
Corn,6.1,1938,36,78,4.74,0.00244582,Neutral,High,High,Drip,1996
Sugarcane,7.4,1270,40,88,5.92,0.004661417,Neutral,High,High,Flood,2001
Cotton,5.1,795,24,83,3.31,0.004163522,Acidic,Medium,Medium,Drip,1998
Oats,4.7,1704,15,62,4.54,0.002664319,Acidic,High,High,Sprinkler,2003
Wheat,6.1,1465,25,75,5.96,0.004068259,Neutral,High,High,Sprinkler,1999
Peanut,5.3,1045,21,103,2.49,0.002382775,Acidic,High,High,Drip,2001
Maize,6.7,445,23,47,4.03,0.00905618,Neutral,Low,Low,Drip,1994
Millet,6.4,1465,17,100,3.71,0.002532423,Neutral,High,High,Sprinkler,1992
Maize,6.6,318,35,71,2.34,0.007358491,Neutral,Low,Low,Drip,1995
Maize,7.7,1704,39,116,3.31,0.001942488,Alkaline,High,High,Drip,1996
Rice,6.7,322,28,68,2.66,0.00826087,Neutral,Low,Low,Flood,2004
Wheat,7.1,528,32,80,2.83,0.005359848,Neutral,Medium,Medium,Sprinkler,2000
Oats,5,371,18,85,3.53,0.009514825,Acidic,Low,Low,Sprinkler,2004
Millet,5.6,1219,33,82,4.73,0.00388023,Neutral,High,High,Sprinkler,1993
Peanut,6.2,1808,25,72,3.15,0.001742257,Neutral,High,High,Drip,2002
Sorghum,5.5,1331,40,120,2.11,0.001585274,Acidic,High,High,Drip,1998
Wheat,7.9,1953,31,61,2.62,0.001341526,Alkaline,High,High,Sprinkler,2001
Maize,4.7,1104,25,91,3.36,0.003043478,Acidic,High,High,Drip,1997
Oats,6.7,804,19,93,5.56,0.006915423,Neutral,Medium,Medium,Sprinkler,2005
Peanut,5.2,1108,17,114,4.4,0.003971119,Acidic,High,High,Drip,2003
Cotton,7.7,575,28,96,5.43,0.009443478,Alkaline,Medium,Medium,Drip,1999
Oats,6.3,1604,21,107,4.41,0.002749377,Neutral,High,High,Sprinkler,2006
Barley,5.5,1151,16,118,3.97,0.003449175,Acidic,High,High,Sprinkler,1997
Sugarcane,6.5,1247,34,70,4.14,0.003319968,Neutral,High,High,Flood,2002
Corn,7,1708,21,86,4.19,0.002453162,Neutral,High,High,Drip,1997
Corn,6.7,1725,35,95,3.64,0.002110145,Neutral,High,High,Drip,1998
Peanut,7,779,26,49,4.4,0.005648267,Neutral,Medium,Medium,Drip,2004
Cotton,7.3,1039,33,44,3.99,0.003840231,Neutral,High,High,Drip,2000
Cotton,5.5,549,28,120,3.96,0.007213115,Acidic,Medium,Medium,Drip,2001
Barley,7.7,1224,24,72,4.99,0.004076797,Alkaline,High,High,Sprinkler,1998
Rice,6.5,1178,35,86,4.99,0.004235993,Neutral,High,High,Flood,2005
Corn,4.6,366,25,116,3.58,0.009781421,Acidic,Low,Low,Drip,1999
Barley,4.9,1256,35,65,3.72,0.002961783,Acidic,High,High,Sprinkler,1999
Millet,6.1,872,25,85,3.03,0.003474771,Neutral,Medium,Medium,Sprinkler,1994
Maize,5.3,603,24,80,5.87,0.00973466,Acidic,Medium,Medium,Drip,1998
Millet,6.7,730,17,114,2.4,0.003287671,Neutral,Medium,Medium,Sprinkler,1995
Wheat,7.1,722,17,60,2.91,0.004030471,Neutral,Medium,Medium,Sprinkler,2002
Rice,7.3,622,15,73,4.76,0.007652733,Neutral,Medium,Medium,Flood,2006
Barley,7.6,1301,32,94,3.22,0.002475019,Alkaline,High,High,Sprinkler,2000
Cotton,5.9,1618,19,34,5.11,0.00315822,Neutral,High,High,Drip,2002
Soybean,5.9,766,27,62,3.78,0.004934726,Neutral,Medium,Medium,Sprinkler,1997
Sorghum,5.2,1387,19,45,5.55,0.004001442,Acidic,High,High,Drip,1999
Millet,4.5,555,20,65,3.64,0.006558559,Acidic,Medium,Medium,Sprinkler,1996
Barley,7.2,1267,26,59,5.59,0.004411997,Neutral,High,High,Sprinkler,2001
Soybean,4.7,1883,29,52,5.43,0.002883696,Acidic,High,High,Sprinkler,1998
Cotton,7.5,1024,15,95,5.14,0.005019531,Neutral,High,High,Drip,2003
Rice,5.5,342,35,72,4.44,0.012982456,Acidic,Low,Low,Flood,2007
Sugarcane,6.6,820,29,93,4.08,0.00497561,Neutral,Medium,Medium,Flood,2003
Peanut,7,831,22,92,3.6,0.00433213,Neutral,Medium,Medium,Drip,2005
Corn,5.4,1898,36,98,3.4,0.001791359,Acidic,High,High,Drip,2000
Cotton,7.9,1665,38,54,4.96,0.002978979,Alkaline,High,High,Drip,2004
Sorghum,6.8,825,17,103,3.16,0.003830303,Neutral,Medium,Medium,Drip,2000
Wheat,6.7,1660,27,89,5.26,0.003168675,Neutral,High,High,Sprinkler,2003
Sorghum,5.2,1716,39,119,5.91,0.003444056,Acidic,High,High,Drip,2001
Barley,6.7,914,23,37,5.23,0.005722101,Neutral,Medium,Medium,Sprinkler,2002
Oats,5,1209,36,111,5.84,0.004830438,Acidic,High,High,Sprinkler,2007
Peanut,6.6,1492,32,31,3.37,0.002258713,Neutral,High,High,Drip,2006
Wheat,5.9,1435,32,96,3.09,0.00215331,Neutral,High,High,Sprinkler,2004
Corn,6.9,1208,27,96,5.83,0.004826159,Neutral,High,High,Drip,2001
Corn,5.7,1933,22,108,2.22,0.001148474,Neutral,High,High,Drip,2002
Peanut,4.8,1214,33,110,2.6,0.00214168,Acidic,High,High,Drip,2007
Corn,6.8,1373,34,46,4.34,0.003160961,Neutral,High,High,Drip,2003
Millet,7.9,1283,34,81,5.87,0.004575214,Alkaline,High,High,Sprinkler,1997
Sugarcane,6.3,1608,18,103,2.14,0.001330846,Neutral,High,High,Flood,2004
Wheat,6.8,389,38,62,2.66,0.006838046,Neutral,Low,Low,Sprinkler,2005
Soybean,7.2,807,33,67,4.32,0.00535316,Neutral,Medium,Medium,Sprinkler,1999
Maize,7.1,1140,40,42,3.56,0.003122807,Neutral,High,High,Drip,1999
Cotton,7.2,1739,19,52,3.44,0.001978148,Neutral,High,High,Drip,2005
Oats,8,1534,27,102,5.13,0.003344198,Alkaline,High,High,Sprinkler,2008
Rice,7.9,698,19,113,2.97,0.004255014,Alkaline,Medium,Medium,Flood,2008
Corn,5.4,432,15,120,5.52,0.012777778,Acidic,Low,Low,Drip,2004
Soybean,5.5,928,23,72,3.86,0.004159483,Acidic,Medium,Medium,Sprinkler,2000
Sugarcane,6.2,672,28,37,3.51,0.005223214,Neutral,Medium,Medium,Flood,2005
Soybean,6.2,1901,26,57,3.58,0.001883219,Neutral,High,High,Sprinkler,2001
Rice,7.6,2000,31,36,4.56,0.00228,Alkaline,High,High,Flood,2009
Corn,6.2,1532,29,104,5.55,0.003622715,Neutral,High,High,Drip,2005
Sorghum,6.5,343,18,95,5.98,0.017434402,Neutral,Low,Low,Drip,2002
Sorghum,6.4,737,31,120,3.37,0.004572592,Neutral,Medium,Medium,Drip,2003
Wheat,4.9,1020,25,54,5.97,0.005852941,Acidic,High,High,Sprinkler,2006
Barley,4.5,481,20,75,3.9,0.008108108,Acidic,Low,Low,Sprinkler,2003
Millet,4.8,1299,26,31,3.48,0.002678984,Acidic,High,High,Sprinkler,1998
Cotton,4.5,524,22,73,5.32,0.010152672,Acidic,Medium,Medium,Drip,2006
Sugarcane,4.6,1439,39,49,5.26,0.003655316,Acidic,High,High,Flood,2006
Maize,4.9,504,16,105,5.91,0.01172619,Acidic,Medium,Medium,Drip,2000
Sugarcane,6.2,1378,39,97,4.44,0.003222061,Neutral,High,High,Flood,2007
Maize,6.8,571,38,107,3.63,0.006357268,Neutral,Medium,Medium,Drip,2001
Rice,7,817,24,86,3.05,0.00373317,Neutral,Medium,Medium,Flood,2010
Barley,5.6,814,35,41,2.48,0.003046683,Neutral,Medium,Medium,Sprinkler,2004
Sugarcane,6,1415,15,59,2.09,0.001477032,Neutral,High,High,Flood,2008
Cotton,5.5,465,18,86,2.15,0.004623656,Acidic,Low,Low,Drip,2007
Corn,7.8,1818,37,52,4.83,0.002656766,Alkaline,High,High,Drip,2006
Peanut,7.1,1507,30,45,5.19,0.003443928,Neutral,High,High,Drip,2008
Barley,4.6,1489,15,42,3.54,0.002377435,Acidic,High,High,Sprinkler,2005
Peanut,5.9,1245,20,101,5.88,0.004722892,Neutral,High,High,Drip,2009
Rice,4.9,1291,15,35,3.65,0.002827266,Acidic,High,High,Flood,2011
Sorghum,7.3,817,18,72,5.99,0.007331701,Neutral,Medium,Medium,Drip,2004
Wheat,5,1974,36,106,4.27,0.002163121,Acidic,High,High,Sprinkler,2007
Oats,7.4,1908,30,68,4.17,0.002185535,Neutral,High,High,Sprinkler,2009
Millet,6.8,1653,16,66,3.1,0.001875378,Neutral,High,High,Sprinkler,1999
Peanut,7.5,656,24,112,5.24,0.007987805,Neutral,Medium,Medium,Drip,2010
Soybean,7.6,1434,22,77,3.44,0.002398884,Alkaline,High,High,Sprinkler,2002
Sorghum,5.6,1188,19,102,4.2,0.003535354,Neutral,High,High,Drip,2005
Wheat,6,434,16,54,5.94,0.013686636,Neutral,Low,Low,Sprinkler,2008
Sorghum,6.5,1204,34,67,3.35,0.002782392,Neutral,High,High,Drip,2006
Oats,4.9,984,15,36,2.94,0.002987805,Acidic,Medium,Medium,Sprinkler,2010
Wheat,6.8,709,28,96,3.13,0.004414669,Neutral,Medium,Medium,Sprinkler,2009
Soybean,7.6,1000,37,75,2.3,0.0023,Alkaline,Medium,Medium,Sprinkler,2003
Corn,5,1531,27,90,3.44,0.002246897,Acidic,High,High,Drip,2007
Wheat,6,1448,36,77,2.33,0.001609116,Neutral,High,High,Sprinkler,2010
Millet,6.7,1031,33,49,5.2,0.005043647,Neutral,High,High,Sprinkler,2000
Millet,6.1,777,15,80,5.5,0.007078507,Neutral,Medium,Medium,Sprinkler,2001
Rice,7.6,588,18,57,5.43,0.009234694,Alkaline,Medium,Medium,Flood,2012
Wheat,6.6,1133,32,81,2.17,0.001915269,Neutral,High,High,Sprinkler,2011
Rice,7.2,1471,38,66,5.3,0.003602991,Neutral,High,High,Flood,2013
Sorghum,5.2,1993,26,52,5.84,0.002930256,Acidic,High,High,Drip,2007
Sugarcane,5.6,1865,32,106,2.51,0.001345845,Neutral,High,High,Flood,2009
Peanut,7.4,1226,18,45,3.79,0.003091354,Neutral,High,High,Drip,2011
Peanut,6.9,1038,39,116,5.54,0.005337187,Neutral,High,High,Drip,2012
Sorghum,6.5,1502,23,47,5.7,0.00379494,Neutral,High,High,Drip,2008
Cotton,5.1,1840,27,32,2.63,0.001429348,Acidic,High,High,Drip,2008
Sorghum,4.8,1190,20,57,3.71,0.003117647,Acidic,High,High,Drip,2009
Peanut,5.5,1682,18,31,2.94,0.001747919,Acidic,High,High,Drip,2013
Sorghum,5.5,1287,30,77,3.82,0.002968143,Acidic,High,High,Drip,2010
Millet,7.7,1593,39,47,3.38,0.002121783,Alkaline,High,High,Sprinkler,2002
Corn,7.3,502,19,88,5.56,0.011075697,Neutral,Medium,Medium,Drip,2008
Barley,5.4,658,37,80,2.17,0.003297872,Acidic,Medium,Medium,Sprinkler,2006
Maize,5.4,1857,17,44,3.13,0.001685514,Acidic,High,High,Drip,2002
Maize,6.8,1454,35,116,2.59,0.001781293,Neutral,High,High,Drip,2003
Maize,7.4,1603,17,59,4.45,0.002776045,Neutral,High,High,Drip,2004
Sorghum,4.6,1285,29,116,2.96,0.002303502,Acidic,High,High,Drip,2011
Soybean,7.1,1456,39,89,2.78,0.001909341,Neutral,High,High,Sprinkler,2004
Rice,7,1482,23,45,2.08,0.001403509,Neutral,High,High,Flood,2014
Peanut,4.7,1662,25,83,4.89,0.002942238,Acidic,High,High,Drip,2014
Sugarcane,7.3,1547,17,73,3.83,0.00247576,Neutral,High,High,Flood,2010
Sorghum,6.3,1201,16,48,3.16,0.002631141,Neutral,High,High,Drip,2012
Corn,6.3,1985,40,98,5.79,0.002916877,Neutral,High,High,Drip,2009
Wheat,6.7,1177,19,46,3.92,0.003330501,Neutral,High,High,Sprinkler,2012
Oats,6.4,1388,30,92,4.08,0.002939481,Neutral,High,High,Sprinkler,2011
Corn,4.5,1359,27,30,3.2,0.002354673,Acidic,High,High,Drip,2010
Peanut,6.4,1327,34,56,3.64,0.002743029,Neutral,High,High,Drip,2015
Cotton,5.7,991,22,96,2.75,0.002774975,Neutral,Medium,Medium,Drip,2009
Cotton,7,875,17,75,3.37,0.003851429,Neutral,Medium,Medium,Drip,2010
Rice,5.8,1370,34,101,3.41,0.002489051,Neutral,High,High,Flood,2015
Peanut,6.3,749,22,43,3.8,0.005073431,Neutral,Medium,Medium,Drip,2016
Soybean,7.1,1690,26,56,2.34,0.001384615,Neutral,High,High,Sprinkler,2005
Rice,7.6,600,28,107,4.15,0.006916667,Alkaline,Medium,Medium,Flood,2016
Maize,7.2,706,21,34,4.1,0.005807365,Neutral,Medium,Medium,Drip,2005
Cotton,7.2,1159,16,107,5.3,0.004572908,Neutral,High,High,Drip,2011
Wheat,7.3,1493,17,55,4.18,0.002799732,Neutral,High,High,Sprinkler,2013
Peanut,5.1,843,26,119,3.48,0.004128114,Acidic,Medium,Medium,Drip,2017
Oats,6.5,1873,24,34,5.22,0.002786973,Neutral,High,High,Sprinkler,2012
Barley,6.9,495,35,91,5.54,0.011191919,Neutral,Low,Low,Sprinkler,2007
Sorghum,5.7,1502,26,90,5.74,0.003821571,Neutral,High,High,Drip,2013
Barley,5.7,1189,18,34,2.83,0.002380151,Neutral,High,High,Sprinkler,2008
Rice,7.6,405,25,49,4.11,0.010148148,Alkaline,Low,Low,Flood,2017
Sorghum,6.1,1597,24,78,3.61,0.002260488,Neutral,High,High,Drip,2014
Sugarcane,5.5,862,34,70,4.79,0.005556845,Acidic,Medium,Medium,Flood,2011
Wheat,5.8,935,22,68,2.75,0.002941176,Neutral,Medium,Medium,Sprinkler,2014
Barley,6.7,1094,29,88,4.64,0.004241316,Neutral,High,High,Sprinkler,2009
Wheat,7.8,497,35,58,2.82,0.005674044,Alkaline,Low,Low,Sprinkler,2015
Sugarcane,7.7,931,39,43,2.25,0.002416756,Alkaline,Medium,Medium,Flood,2012
Wheat,4.9,995,15,116,5.77,0.005798995,Acidic,Medium,Medium,Sprinkler,2016
Rice,6,1499,17,120,4.58,0.00305537,Neutral,High,High,Flood,2018
Millet,6.4,1600,32,113,4.71,0.00294375,Neutral,High,High,Sprinkler,2003
Soybean,4.9,486,16,79,5.76,0.011851852,Acidic,Low,Low,Sprinkler,2006
Rice,7.9,1536,38,105,2.14,0.001393229,Alkaline,High,High,Flood,2019
Maize,6.2,1992,30,32,4.53,0.002274096,Neutral,High,High,Drip,2006
Sorghum,6.7,1970,16,74,2.45,0.001243655,Neutral,High,High,Drip,2015
Peanut,8,1513,16,116,3.05,0.002015863,Alkaline,High,High,Drip,2018
Peanut,7.9,793,29,76,5.22,0.006582598,Alkaline,Medium,Medium,Drip,2019
Millet,6,1824,18,62,4.21,0.002308114,Neutral,High,High,Sprinkler,2004
Sorghum,7.9,636,21,70,4.69,0.007374214,Alkaline,Medium,Medium,Drip,2016
Oats,5.4,538,15,115,2.07,0.003847584,Acidic,Medium,Medium,Sprinkler,2013
Corn,7.2,803,35,47,2.13,0.002652553,Neutral,Medium,Medium,Drip,2011
Sorghum,7.2,1894,30,118,4.63,0.002444562,Neutral,High,High,Drip,2017
Wheat,6.8,1129,29,89,4.27,0.003782108,Neutral,High,High,Sprinkler,2017
Soybean,4.7,1825,21,75,4.22,0.002312329,Acidic,High,High,Sprinkler,2007
Cotton,5.1,1058,39,110,2.11,0.001994329,Acidic,High,High,Drip,2012
Maize,7.6,718,31,98,5.08,0.007075209,Alkaline,Medium,Medium,Drip,2007
Sorghum,7.9,1132,33,113,5.01,0.004425795,Alkaline,High,High,Drip,2018
Millet,4.5,1333,30,38,5.3,0.003975994,Acidic,High,High,Sprinkler,2005
Rice,5.2,1952,27,45,2.75,0.001408811,Acidic,High,High,Flood,2020
Corn,6.2,323,32,30,5.36,0.016594427,Neutral,Low,Low,Drip,2012
Corn,5,1405,23,81,4.16,0.002960854,Acidic,High,High,Drip,2013
Corn,7.1,1472,33,120,3.26,0.002214674,Neutral,High,High,Drip,2014
Millet,5.1,1336,40,65,3.23,0.002417665,Acidic,High,High,Sprinkler,2006
Maize,4.7,1823,16,38,5.35,0.002934723,Acidic,High,High,Drip,2008
Maize,7.6,1384,19,83,3.59,0.002593931,Alkaline,High,High,Drip,2009
Sorghum,5,1411,32,61,4.37,0.003097094,Acidic,High,High,Drip,2019
Rice,7.7,456,34,84,3.84,0.008421053,Alkaline,Low,Low,Flood,2021
Maize,7.4,1637,34,119,4.88,0.002981063,Neutral,High,High,Drip,2010
Rice,7.8,752,37,93,4.57,0.006077128,Alkaline,Medium,Medium,Flood,2022
Rice,5.6,1068,15,81,3.88,0.003632959,Neutral,High,High,Flood,2023
Peanut,6.4,1095,16,84,5.11,0.004666667,Neutral,High,High,Drip,2020
Wheat,4.8,1832,32,38,2.22,0.00121179,Acidic,High,High,Sprinkler,2018
Oats,7.1,690,24,82,3.84,0.005565217,Neutral,Medium,Medium,Sprinkler,2014
Cotton,6.8,1329,27,86,2.62,0.001971407,Neutral,High,High,Drip,2013
Peanut,4.5,1153,20,34,3.14,0.00272333,Acidic,High,High,Drip,2021
Corn,6.5,1762,22,86,3.71,0.002105562,Neutral,High,High,Drip,2015
Sorghum,6.2,1110,33,63,2.42,0.00218018,Neutral,High,High,Drip,2020
Peanut,6.9,524,32,80,5,0.009541985,Neutral,Medium,Medium,Drip,2022
Barley,6,1261,23,53,3.7,0.002934179,Neutral,High,High,Sprinkler,2010
Maize,7,1004,28,59,3.41,0.003396414,Neutral,High,High,Drip,2011
Rice,7.8,343,27,117,2.53,0.007376093,Alkaline,Low,Low,Flood,2024
Peanut,5.1,1219,24,111,2.29,0.001878589,Acidic,High,High,Drip,2023
Oats,6.3,407,33,45,4.31,0.010589681,Neutral,Low,Low,Sprinkler,2015
Soybean,6.3,1350,40,55,2.65,0.001962963,Neutral,High,High,Sprinkler,2008
Sorghum,7.6,1425,32,120,2.34,0.001642105,Alkaline,High,High,Drip,2021
Corn,7.6,1848,29,32,3.95,0.002137446,Alkaline,High,High,Drip,2016
Maize,6.8,742,25,89,3.71,0.005,Neutral,Medium,Medium,Drip,2012
Corn,7.8,920,28,37,3.49,0.003793478,Alkaline,Medium,Medium,Drip,2017
Sorghum,5,1530,40,66,2.44,0.001594771,Acidic,High,High,Drip,2022
Sugarcane,5,656,15,79,4.92,0.0075,Acidic,Medium,Medium,Flood,2013
Millet,7.4,499,37,56,2.84,0.005691383,Neutral,Low,Low,Sprinkler,2007
Wheat,5.9,1598,31,110,4.5,0.00281602,Neutral,High,High,Sprinkler,2019
Sorghum,7.1,453,28,94,2.66,0.005871965,Neutral,Low,Low,Drip,2023
Sorghum,6.1,1688,37,66,3.88,0.002298578,Neutral,High,High,Drip,2024
Millet,6.6,492,39,71,5.66,0.011504065,Neutral,Low,Low,Sprinkler,2008
Maize,4.8,902,17,108,4.37,0.004844789,Acidic,Medium,Medium,Drip,2013
Peanut,7.6,876,28,93,2.62,0.002990868,Alkaline,Medium,Medium,Drip,2024
Millet,6.7,1033,16,45,3.4,0.003291384,Neutral,High,High,Sprinkler,2009
Millet,5.2,1619,24,67,4.03,0.002489191,Acidic,High,High,Sprinkler,2010
Sorghum,5.4,1075,35,51,3.56,0.003311628,Acidic,High,High,Drip,2025
Sugarcane,6,1697,23,90,4.94,0.002911019,Neutral,High,High,Flood,2014
Millet,7.7,1686,23,66,2.86,0.001696323,Alkaline,High,High,Sprinkler,2011
Maize,5.4,393,24,106,4.21,0.010712468,Acidic,Low,Low,Drip,2014
Sorghum,6.5,381,27,92,2.39,0.006272966,Neutral,Low,Low,Drip,2026
Corn,6.3,628,23,37,3.64,0.005796178,Neutral,Medium,Medium,Drip,2018
Maize,5.6,1734,32,64,4.66,0.002687428,Neutral,High,High,Drip,2015
Wheat,5.9,793,33,89,2.82,0.003556116,Neutral,Medium,Medium,Sprinkler,2020
Maize,7.5,1761,29,45,5.11,0.00290176,Neutral,High,High,Drip,2016
Barley,7.6,379,24,48,3.72,0.009815303,Alkaline,Low,Low,Sprinkler,2011
Barley,8,666,36,40,2.17,0.003258258,Alkaline,Medium,Medium,Sprinkler,2012
Sorghum,5.8,1874,39,113,4.67,0.002491996,Neutral,High,High,Drip,2027
Corn,7.2,830,16,54,5.07,0.006108434,Neutral,Medium,Medium,Drip,2019
Oats,7,1981,15,54,2.8,0.001413428,Neutral,High,High,Sprinkler,2016
Cotton,5.1,1623,24,74,5.84,0.003598275,Acidic,High,High,Drip,2014
Sugarcane,4.9,1017,30,92,4.51,0.004434612,Acidic,High,High,Flood,2015
Cotton,7.9,1352,31,52,5.38,0.00397929,Alkaline,High,High,Drip,2015
Soybean,7.2,366,28,58,2.2,0.006010929,Neutral,Low,Low,Sprinkler,2009
Sugarcane,7.5,639,18,50,4.52,0.007073552,Neutral,Medium,Medium,Flood,2016
Peanut,7,905,16,57,4.96,0.005480663,Neutral,Medium,Medium,Drip,2025
Sorghum,5.6,1190,18,106,3.23,0.002714286,Neutral,High,High,Drip,2028
Oats,4.6,942,40,75,3.33,0.003535032,Acidic,Medium,Medium,Sprinkler,2017
Oats,6.5,526,40,82,3.61,0.006863118,Neutral,Medium,Medium,Sprinkler,2018
Sorghum,4.9,405,39,33,4.01,0.009901235,Acidic,Low,Low,Drip,2029
Cotton,5.7,526,18,58,3.6,0.006844106,Neutral,Medium,Medium,Drip,2016
Peanut,7.6,858,32,67,4,0.004662005,Alkaline,Medium,Medium,Drip,2026
Cotton,7.6,1236,17,61,4.86,0.003932039,Alkaline,High,High,Drip,2017
Peanut,4.9,1284,23,43,5.12,0.003987539,Acidic,High,High,Drip,2027
Peanut,6.5,1378,21,90,5.49,0.003984035,Neutral,High,High,Drip,2028
Corn,6.5,836,33,67,5.67,0.006782297,Neutral,Medium,Medium,Drip,2020
Oats,7.8,797,20,44,4.02,0.005043915,Alkaline,Medium,Medium,Sprinkler,2019
Oats,6,1136,24,39,4.33,0.00381162,Neutral,High,High,Sprinkler,2020
Corn,6.8,550,15,99,5.88,0.010690909,Neutral,Medium,Medium,Drip,2021
Oats,7.3,451,20,101,2.7,0.005986696,Neutral,Low,Low,Sprinkler,2021
Sugarcane,6.6,428,19,46,3.66,0.008551402,Neutral,Low,Low,Flood,2017
Wheat,5.5,1778,15,67,2.51,0.001411699,Acidic,High,High,Sprinkler,2021
Oats,5.8,1627,24,111,5.05,0.003103872,Neutral,High,High,Sprinkler,2022
Sugarcane,7.8,303,34,82,5.31,0.017524752,Alkaline,Low,Low,Flood,2018
Corn,6.1,835,31,97,5.96,0.007137725,Neutral,Medium,Medium,Drip,2022
Soybean,7.6,1111,19,49,4.47,0.004023402,Alkaline,High,High,Sprinkler,2010
Wheat,5.1,305,39,59,4.17,0.013672131,Acidic,Low,Low,Sprinkler,2022
Cotton,5.4,1142,35,90,3.68,0.003222417,Acidic,High,High,Drip,2018
Oats,7.8,426,23,119,4.59,0.010774648,Alkaline,Low,Low,Sprinkler,2023
Wheat,6.6,1624,29,85,5.9,0.003633005,Neutral,High,High,Sprinkler,2023
Barley,4.7,340,31,93,3.21,0.009441176,Acidic,Low,Low,Sprinkler,2013
Millet,7.2,651,37,73,3.89,0.005975422,Neutral,Medium,Medium,Sprinkler,2012
Oats,7.8,547,38,63,5.81,0.010621572,Alkaline,Medium,Medium,Sprinkler,2024
Cotton,6,1769,16,119,5.37,0.003035613,Neutral,High,High,Drip,2019
Oats,7.3,679,25,62,2.02,0.002974963,Neutral,Medium,Medium,Sprinkler,2025
Sorghum,5.1,1450,20,40,5.02,0.003462069,Acidic,High,High,Drip,2030
Cotton,5.7,1317,31,35,3.07,0.002331055,Neutral,High,High,Drip,2020
Millet,5.3,1543,36,50,4.37,0.002832145,Acidic,High,High,Sprinkler,2013
Millet,7.6,1742,18,90,4.51,0.002588978,Alkaline,High,High,Sprinkler,2014
Sugarcane,6.2,575,22,108,4.75,0.00826087,Neutral,Medium,Medium,Flood,2019
Sugarcane,5,611,15,109,4.3,0.007037643,Acidic,Medium,Medium,Flood,2020
Cotton,7.1,1736,34,115,5.5,0.003168203,Neutral,High,High,Drip,2021
Rice,8,857,21,38,4.38,0.005110852,Alkaline,Medium,Medium,Flood,2025
Wheat,4.8,1765,36,113,4.61,0.002611898,Acidic,High,High,Sprinkler,2024
